{
  "app/hdk/htc/lib0/htcdebugflag": 4.461777925491333, 
  "app/hdk/htc/lib2/htcconfiguration": 2.839818000793457, 
  "app/packages/apps/UDove": 8.788289070129395, 
  "app/hdk/htc/lib1/htctheme": 3.5044138431549072, 
  "app/hdk/htc/lib0/customization": 4.977085113525391, 
  "app/hdk/htc/lib0/hdkutil": 2.8315269947052, 
  "app/hdk/htc/lib2/weatherlib2": 5.534224987030029, 
  "app/hdk/htc/lib1/htccrypto": 6.031497001647949, 
  "app/hdk/htc/lib1/useragree": 1.5296730995178223, 
  "app/hdk/htc/lib1/htccommoncontrol": 36.186567068099976
}